order_id,product,category,region,amount,date
1,Phone,Mobile,North,1860.34,2023-09-08
2,Monitor,Computers,South,1847.77,2024-11-23
3,Phone,Mobile,West,103.66,2023-04-06
4,Monitor,Computers,South,1275.75,2023-01-28
5,Monitor,Computers,West,570.59,2024-08-26
6,Keyboard,Accessories,North,1903.05,2023-06-13
7,Headphones,Audio,East,712.73,2023-08-09
8,Mouse,Accessories,North,254.55,2023-04-10
9,Mouse,Accessories,East,1519.22,2023-02-14
10,Webcam,Accessories,North,2433.46,2024-01-23
11,Phone,Mobile,East,2077.78,2024-09-25
12,Mouse,Accessories,South,1768.82,2023-02-16
13,Monitor,Computers,East,2463.42,2023-08-27
14,Phone,Mobile,West,712.98,2024-10-12
15,Mouse,Accessories,South,941.2,2023-08-03
16,Keyboard,Accessories,North,1532.6,2023-06-25
17,Monitor,Computers,South,1169.09,2023-10-04
18,Monitor,Computers,East,2111.06,2023-02-27
19,Monitor,Computers,North,2017.49,2024-02-15
20,Keyboard,Accessories,North,547.18,2024-08-03
21,Mouse,Accessories,South,1647.21,2024-02-10
22,Webcam,Accessories,South,680.58,2023-09-10
23,Keyboard,Accessories,West,2247.11,2024-02-13
24,Mouse,Accessories,South,2493.38,2023-05-22
25,Webcam,Accessories,North,1895.56,2023-04-23
26,Tablet,Mobile,South,1985.4,2024-03-08
27,Phone,Mobile,West,969.51,2024-04-24
28,Keyboard,Accessories,North,1708.7,2023-04-28
29,Keyboard,Accessories,East,301.09,2024-03-21
30,Tablet,Mobile,West,33.03,2023-09-27
31,Tablet,Mobile,North,2179.53,2023-11-02
32,Monitor,Computers,South,950.44,2023-06-15
33,Laptop,Computers,East,1234.3,2023-04-25
34,Mouse,Accessories,East,617.64,2023-09-04
35,Phone,Mobile,North,1836.47,2023-03-12
36,Tablet,Mobile,South,1657.88,2024-07-16
37,Tablet,Mobile,East,1330.99,2024-09-13
38,Headphones,Audio,South,2324.06,2024-12-07
39,Monitor,Computers,East,1012.51,2024-11-18
40,Mouse,Accessories,West,2251.54,2024-04-07
41,Phone,Mobile,South,581.13,2023-12-13
42,Laptop,Computers,South,1481.39,2023-01-08
43,Phone,Mobile,North,591.63,2023-02-02
44,Mouse,Accessories,North,1297.54,2023-10-13
45,Webcam,Accessories,South,1359.6,2024-08-07
46,Webcam,Accessories,South,1966.93,2024-02-21
47,Monitor,Computers,North,264.9,2024-03-17
48,Mouse,Accessories,West,1042.48,2023-02-25
49,Phone,Mobile,North,1021.49,2023-12-14
50,Phone,Mobile,South,499.19,2024-07-03
51,Webcam,Accessories,South,1069.16,2023-10-13
52,Webcam,Accessories,South,2189.35,2023-03-19
53,Webcam,Accessories,North,150.21,2024-07-07
54,Laptop,Computers,North,2317.76,2023-08-31
55,Tablet,Mobile,West,1226.96,2023-08-07
56,Headphones,Audio,North,432.48,2023-01-03
57,Headphones,Audio,East,2318.13,2024-04-10
58,Keyboard,Accessories,West,1749.06,2024-07-23
59,Webcam,Accessories,South,495.0,2023-08-11
60,Laptop,Computers,North,1876.24,2023-02-28
61,Laptop,Computers,West,1269.55,2024-06-27
62,Tablet,Mobile,North,2402.93,2023-03-24
63,Tablet,Mobile,North,1497.71,2024-11-22
64,Monitor,Computers,West,321.72,2024-08-06
65,Monitor,Computers,North,1557.97,2024-03-05
66,Mouse,Accessories,East,530.54,2023-11-18
67,Monitor,Computers,East,1004.57,2024-11-18
68,Keyboard,Accessories,West,807.54,2023-03-16
69,Laptop,Computers,West,1562.37,2024-07-30
70,Phone,Mobile,North,1355.65,2024-06-02
71,Keyboard,Accessories,South,2334.82,2023-03-12
72,Monitor,Computers,East,730.34,2024-03-24
73,Keyboard,Accessories,North,1677.96,2024-07-21
74,Keyboard,Accessories,North,2348.85,2023-05-18
75,Keyboard,Accessories,North,2227.04,2024-07-20
76,Tablet,Mobile,East,722.35,2023-08-04
77,Mouse,Accessories,South,1726.56,2023-09-28
78,Webcam,Accessories,East,2265.71,2023-02-22
79,Phone,Mobile,West,2077.64,2023-02-15
80,Laptop,Computers,East,1933.52,2024-10-14
81,Keyboard,Accessories,South,1859.55,2024-07-18
82,Headphones,Audio,North,301.89,2024-12-08
83,Tablet,Mobile,North,2090.62,2024-08-19
84,Tablet,Mobile,West,340.43,2023-11-12
85,Mouse,Accessories,North,2249.84,2023-08-04
86,Monitor,Computers,North,900.35,2024-07-27
87,Headphones,Audio,South,2316.27,2023-08-31
88,Tablet,Mobile,South,2206.51,2023-01-26
89,Tablet,Mobile,East,1961.41,2024-02-26
90,Monitor,Computers,East,419.01,2024-12-19
91,Phone,Mobile,West,2183.61,2024-04-26
92,Monitor,Computers,South,2046.05,2024-04-16
93,Mouse,Accessories,East,2055.83,2023-08-22
94,Monitor,Computers,North,1658.58,2024-02-13
95,Mouse,Accessories,East,2164.27,2023-10-13
96,Mouse,Accessories,West,1706.81,2024-07-03
97,Mouse,Accessories,North,310.47,2023-09-25
98,Tablet,Mobile,East,119.69,2024-09-02
99,Headphones,Audio,East,1828.15,2023-11-18
100,Headphones,Audio,North,978.36,2024-08-13
101,Monitor,Computers,East,134.86,2024-03-22
102,Laptop,Computers,South,926.45,2023-03-13
103,Mouse,Accessories,East,1666.88,2023-05-08
104,Keyboard,Accessories,East,1675.56,2023-12-01
105,Headphones,Audio,East,1397.17,2023-07-16
106,Headphones,Audio,West,1701.36,2023-06-28
107,Keyboard,Accessories,West,1381.14,2023-01-01
108,Keyboard,Accessories,East,545.2,2024-08-16
109,Mouse,Accessories,West,1118.42,2024-11-22
110,Monitor,Computers,West,1989.5,2023-06-23
111,Phone,Mobile,East,1300.74,2024-10-10
112,Mouse,Accessories,North,2050.6,2023-08-29
113,Keyboard,Accessories,South,2021.24,2023-05-31
114,Laptop,Computers,North,630.99,2024-05-01
115,Phone,Mobile,West,1050.74,2024-10-06
116,Monitor,Computers,West,1248.58,2023-09-07
117,Tablet,Mobile,North,2234.33,2023-04-20
118,Headphones,Audio,South,460.32,2024-12-13
119,Webcam,Accessories,North,1404.58,2023-05-05
120,Webcam,Accessories,South,2008.51,2024-11-14
121,Mouse,Accessories,West,1541.31,2024-05-31
122,Headphones,Audio,West,2245.59,2024-05-01
123,Webcam,Accessories,East,1885.65,2024-10-14
124,Keyboard,Accessories,West,1576.2,2023-10-09
125,Webcam,Accessories,North,1791.02,2023-08-29
126,Keyboard,Accessories,East,816.28,2024-07-07
127,Phone,Mobile,South,398.31,2024-01-28
128,Tablet,Mobile,South,183.97,2024-02-22
129,Mouse,Accessories,West,1054.04,2023-07-31
130,Headphones,Audio,West,2264.48,2024-08-21
131,Laptop,Computers,West,1205.52,2023-12-27
132,Keyboard,Accessories,West,2137.28,2024-03-05
133,Monitor,Computers,West,568.07,2024-03-22
134,Webcam,Accessories,North,987.42,2024-11-15
135,Headphones,Audio,South,2105.25,2023-05-11
136,Laptop,Computers,West,1489.93,2024-11-09
137,Laptop,Computers,North,1615.81,2023-05-19
138,Webcam,Accessories,South,149.45,2024-01-24
139,Mouse,Accessories,South,1150.38,2023-12-12
140,Headphones,Audio,East,1886.22,2024-03-07
141,Keyboard,Accessories,North,1189.01,2024-07-06
142,Laptop,Computers,East,579.95,2023-03-12
143,Laptop,Computers,North,2375.29,2023-07-24
144,Laptop,Computers,South,615.4,2024-04-29
145,Phone,Mobile,South,1175.96,2023-09-20
146,Mouse,Accessories,South,1524.58,2023-04-28
147,Tablet,Mobile,East,292.54,2023-01-27
148,Keyboard,Accessories,West,1006.72,2023-07-23
149,Phone,Mobile,South,277.21,2023-11-05
150,Phone,Mobile,North,884.33,2024-03-14
151,Mouse,Accessories,North,1277.25,2023-12-16
152,Laptop,Computers,West,2060.27,2023-04-19
153,Headphones,Audio,East,1598.07,2024-04-15
154,Tablet,Mobile,West,460.94,2024-06-18
155,Keyboard,Accessories,West,1175.56,2024-08-29
156,Keyboard,Accessories,East,2132.99,2023-03-30
157,Keyboard,Accessories,West,628.56,2024-04-20
158,Headphones,Audio,East,96.03,2023-11-29
159,Tablet,Mobile,West,550.0,2023-09-22
160,Mouse,Accessories,East,2203.79,2024-12-19
161,Keyboard,Accessories,North,1303.65,2023-07-15
162,Phone,Mobile,South,1807.18,2024-05-15
163,Monitor,Computers,West,1623.61,2024-05-17
164,Webcam,Accessories,North,255.31,2023-08-15
165,Headphones,Audio,South,782.86,2024-08-18
166,Mouse,Accessories,West,1394.85,2023-12-19
167,Headphones,Audio,East,895.73,2024-04-09
168,Keyboard,Accessories,East,647.22,2023-05-04
169,Monitor,Computers,East,320.9,2024-07-02
170,Tablet,Mobile,South,560.55,2024-05-10
171,Keyboard,Accessories,East,2451.76,2023-07-18
172,Keyboard,Accessories,South,918.18,2023-11-06
173,Laptop,Computers,South,703.92,2023-02-25
174,Keyboard,Accessories,South,1603.73,2024-05-17
175,Phone,Mobile,North,1445.81,2024-04-25
176,Webcam,Accessories,West,868.25,2023-02-22
177,Keyboard,Accessories,West,307.37,2023-03-08
178,Headphones,Audio,West,208.35,2024-10-06
179,Laptop,Computers,South,394.26,2024-07-30
180,Keyboard,Accessories,North,2484.95,2023-05-02
181,Headphones,Audio,South,1944.84,2024-01-25
182,Webcam,Accessories,West,760.95,2024-08-25
183,Headphones,Audio,East,1432.36,2023-03-03
184,Phone,Mobile,South,1573.15,2023-09-28
185,Phone,Mobile,South,618.67,2024-07-19
186,Phone,Mobile,South,31.62,2024-04-06
187,Webcam,Accessories,East,105.78,2023-10-23
188,Keyboard,Accessories,West,201.17,2023-08-28
189,Keyboard,Accessories,South,1077.22,2024-07-11
190,Monitor,Computers,South,2273.32,2023-05-26
191,Phone,Mobile,North,435.66,2023-11-11
192,Keyboard,Accessories,West,332.78,2024-12-06
193,Keyboard,Accessories,West,2358.12,2024-05-27
194,Webcam,Accessories,West,224.09,2023-02-10
195,Headphones,Audio,East,1519.19,2023-01-27
196,Phone,Mobile,South,2405.73,2024-08-12
197,Laptop,Computers,East,1451.21,2023-06-29
198,Webcam,Accessories,West,2292.28,2023-07-05
199,Headphones,Audio,West,2423.41,2024-04-26
200,Mouse,Accessories,West,849.94,2024-11-17
201,Phone,Mobile,South,841.26,2024-12-11
202,Webcam,Accessories,East,1664.89,2024-02-15
203,Laptop,Computers,West,242.95,2023-09-16
204,Mouse,Accessories,North,2426.21,2024-02-18
205,Laptop,Computers,West,1047.79,2023-07-12
206,Mouse,Accessories,West,1572.89,2023-02-22
207,Monitor,Computers,East,1384.32,2023-10-22
208,Webcam,Accessories,West,325.53,2024-10-07
209,Monitor,Computers,South,794.11,2023-01-15
210,Headphones,Audio,North,581.13,2023-04-27
211,Webcam,Accessories,North,1628.08,2023-06-07
212,Webcam,Accessories,East,1284.46,2023-10-07
213,Headphones,Audio,West,2451.11,2023-09-07
214,Webcam,Accessories,South,974.38,2024-09-05
215,Tablet,Mobile,North,708.71,2024-02-29
216,Mouse,Accessories,East,2055.86,2023-10-17
217,Keyboard,Accessories,West,2166.52,2024-04-02
218,Webcam,Accessories,East,847.79,2024-07-10
219,Headphones,Audio,West,2333.81,2023-07-13
220,Monitor,Computers,West,603.07,2024-02-25
221,Laptop,Computers,East,1868.15,2024-12-23
222,Headphones,Audio,West,2471.32,2024-10-29
223,Tablet,Mobile,West,2412.94,2023-05-10
224,Mouse,Accessories,North,2188.62,2024-03-26
225,Phone,Mobile,West,62.99,2023-05-28
226,Headphones,Audio,South,210.2,2023-09-29
227,Mouse,Accessories,West,1633.35,2023-12-03
228,Headphones,Audio,East,1576.33,2024-05-14
229,Laptop,Computers,North,606.06,2024-12-01
230,Keyboard,Accessories,South,1873.25,2024-03-20
231,Phone,Mobile,North,1123.1,2024-12-11
232,Keyboard,Accessories,North,138.83,2023-02-27
233,Keyboard,Accessories,East,952.73,2023-05-30
234,Monitor,Computers,West,1425.67,2023-07-04
235,Tablet,Mobile,South,220.45,2024-01-27
236,Monitor,Computers,West,2284.25,2023-05-27
237,Monitor,Computers,West,1603.81,2024-04-15
238,Keyboard,Accessories,North,2249.8,2024-04-21
239,Keyboard,Accessories,South,207.81,2023-12-20
240,Keyboard,Accessories,West,1733.53,2024-04-12
241,Keyboard,Accessories,South,2498.45,2024-05-09
242,Phone,Mobile,South,968.88,2024-01-03
243,Keyboard,Accessories,East,79.3,2024-11-05
244,Headphones,Audio,East,45.04,2024-12-03
245,Laptop,Computers,West,2086.28,2023-10-21
246,Monitor,Computers,East,567.04,2023-07-14
247,Keyboard,Accessories,South,1579.91,2024-10-04
248,Laptop,Computers,East,1976.81,2023-02-04
249,Mouse,Accessories,South,248.08,2023-10-30
250,Mouse,Accessories,West,459.71,2023-05-16
251,Mouse,Accessories,East,2080.42,2023-09-21
252,Webcam,Accessories,East,1872.73,2023-12-13
253,Phone,Mobile,West,2408.16,2023-05-25
254,Monitor,Computers,West,2418.99,2024-07-24
255,Mouse,Accessories,North,1981.94,2023-01-15
256,Keyboard,Accessories,North,1150.6,2024-11-19
257,Keyboard,Accessories,West,2060.48,2024-01-16
258,Phone,Mobile,South,1191.91,2024-09-26
259,Mouse,Accessories,South,1627.94,2024-10-12
260,Webcam,Accessories,East,1631.87,2023-04-30
261,Tablet,Mobile,North,2367.0,2023-11-08
262,Webcam,Accessories,North,265.55,2024-07-04
263,Tablet,Mobile,West,1147.77,2024-11-17
264,Headphones,Audio,South,2216.4,2024-11-01
265,Phone,Mobile,West,1548.74,2023-10-14
266,Laptop,Computers,East,562.74,2024-03-31
267,Monitor,Computers,East,270.9,2024-12-03
268,Mouse,Accessories,East,174.86,2023-10-10
269,Monitor,Computers,North,2373.8,2024-04-10
270,Phone,Mobile,South,1613.22,2024-09-03
271,Laptop,Computers,North,1972.32,2023-09-07
272,Tablet,Mobile,South,194.81,2024-07-21
273,Monitor,Computers,South,2037.31,2023-08-27
274,Mouse,Accessories,South,1976.89,2024-09-02
275,Laptop,Computers,East,2149.56,2023-05-29
276,Tablet,Mobile,East,2001.32,2023-04-23
277,Laptop,Computers,South,61.78,2023-09-01
278,Mouse,Accessories,North,456.26,2023-02-23
279,Tablet,Mobile,West,1327.06,2023-03-07
280,Webcam,Accessories,West,1950.59,2024-06-09
281,Phone,Mobile,West,1272.0,2024-09-21
282,Laptop,Computers,East,1158.66,2023-02-01
283,Laptop,Computers,West,2122.06,2024-03-12
284,Phone,Mobile,West,1788.19,2024-03-30
285,Phone,Mobile,North,822.23,2023-06-01
286,Phone,Mobile,South,705.66,2024-10-10
287,Mouse,Accessories,West,2486.7,2024-06-27
288,Keyboard,Accessories,West,1276.24,2024-03-16
289,Phone,Mobile,North,2135.66,2024-10-28
290,Monitor,Computers,West,1142.6,2023-08-22
291,Headphones,Audio,East,2072.86,2024-02-13
292,Headphones,Audio,North,798.56,2023-11-17
293,Keyboard,Accessories,East,2385.14,2024-12-04
294,Webcam,Accessories,North,250.78,2023-03-29
295,Phone,Mobile,West,264.0,2024-01-17
296,Tablet,Mobile,North,1476.5,2024-07-29
297,Mouse,Accessories,North,1041.75,2024-11-12
298,Headphones,Audio,North,2421.79,2024-09-06
299,Keyboard,Accessories,East,281.41,2024-06-03
300,Monitor,Computers,South,1650.42,2023-08-18
301,Phone,Mobile,East,2117.3,2024-01-12
302,Phone,Mobile,East,1445.9,2024-03-15
303,Laptop,Computers,East,96.66,2023-10-07
304,Keyboard,Accessories,East,893.78,2023-07-05
305,Tablet,Mobile,West,197.22,2024-10-10
306,Laptop,Computers,North,1871.63,2023-08-09
307,Headphones,Audio,West,1147.77,2023-06-11
308,Mouse,Accessories,East,1810.95,2024-08-04
309,Phone,Mobile,North,410.06,2024-09-24
310,Laptop,Computers,North,698.45,2024-11-08
311,Headphones,Audio,West,1527.51,2024-02-29
312,Keyboard,Accessories,South,1893.48,2023-04-27
313,Mouse,Accessories,West,299.45,2024-11-25
314,Webcam,Accessories,East,137.41,2024-02-09
315,Laptop,Computers,North,530.95,2023-08-05
316,Tablet,Mobile,East,741.38,2023-05-03
317,Laptop,Computers,West,1873.86,2023-06-29
318,Tablet,Mobile,West,1343.14,2023-08-24
319,Mouse,Accessories,North,1007.75,2023-02-13
320,Headphones,Audio,North,1162.89,2023-03-21
321,Mouse,Accessories,West,1444.16,2024-12-27
322,Headphones,Audio,East,310.05,2023-01-22
323,Mouse,Accessories,South,2008.27,2024-09-24
324,Webcam,Accessories,East,243.12,2023-04-19
325,Monitor,Computers,West,1482.46,2024-06-20
326,Phone,Mobile,West,2179.55,2023-12-14
327,Monitor,Computers,East,1953.32,2023-03-20
328,Phone,Mobile,South,2267.16,2023-12-24
329,Mouse,Accessories,South,609.77,2023-05-30
330,Keyboard,Accessories,South,454.41,2023-06-06
331,Phone,Mobile,South,2379.45,2024-10-05
332,Webcam,Accessories,West,1892.25,2024-08-16
333,Webcam,Accessories,East,2164.01,2024-10-04
334,Mouse,Accessories,South,1113.41,2024-04-25
335,Webcam,Accessories,East,1995.92,2024-08-28
336,Laptop,Computers,East,1280.66,2023-11-14
337,Webcam,Accessories,West,118.08,2024-01-13
338,Keyboard,Accessories,North,1620.55,2023-04-03
339,Headphones,Audio,West,1461.32,2023-02-12
340,Webcam,Accessories,South,820.78,2024-05-02
341,Tablet,Mobile,North,1140.04,2023-12-18
342,Phone,Mobile,South,121.88,2024-12-25
343,Webcam,Accessories,West,1322.07,2024-09-16
344,Tablet,Mobile,East,947.81,2023-10-17
345,Headphones,Audio,West,1941.8,2024-11-26
346,Laptop,Computers,East,188.13,2023-04-07
347,Headphones,Audio,East,648.69,2024-11-03
348,Tablet,Mobile,East,226.72,2024-11-10
349,Tablet,Mobile,East,792.82,2024-11-02
350,Headphones,Audio,South,1497.73,2023-03-28
351,Keyboard,Accessories,West,1617.65,2023-12-03
352,Tablet,Mobile,North,1623.91,2024-03-09
353,Mouse,Accessories,North,922.43,2023-07-04
354,Monitor,Computers,East,2370.48,2024-05-12
355,Monitor,Computers,South,2499.94,2023-06-08
356,Phone,Mobile,East,2114.96,2023-04-14
357,Laptop,Computers,East,2194.07,2024-09-24
358,Tablet,Mobile,West,406.78,2023-07-05
359,Tablet,Mobile,West,133.14,2024-01-09
360,Monitor,Computers,West,1536.22,2024-04-04
361,Monitor,Computers,South,790.93,2024-04-25
362,Monitor,Computers,East,1703.81,2024-08-07
363,Webcam,Accessories,West,1929.36,2024-01-27
364,Headphones,Audio,South,2046.81,2024-09-11
365,Tablet,Mobile,East,154.15,2024-05-07
366,Mouse,Accessories,North,1785.72,2024-06-12
367,Phone,Mobile,East,232.59,2023-06-14
368,Keyboard,Accessories,West,2265.63,2023-05-31
369,Headphones,Audio,North,2367.37,2023-08-16
370,Webcam,Accessories,East,2327.92,2024-02-29
371,Laptop,Computers,West,1267.47,2023-08-30
372,Headphones,Audio,North,952.91,2023-01-29
373,Mouse,Accessories,North,2101.96,2024-10-27
374,Mouse,Accessories,South,365.56,2023-10-21
375,Webcam,Accessories,South,1903.13,2024-04-25
376,Webcam,Accessories,North,2267.0,2023-01-20
377,Keyboard,Accessories,South,2091.53,2024-07-15
378,Headphones,Audio,North,1946.03,2023-09-01
379,Keyboard,Accessories,North,143.18,2024-03-05
380,Webcam,Accessories,North,299.37,2024-05-26
381,Laptop,Computers,South,1803.4,2023-10-26
382,Headphones,Audio,North,1546.65,2023-09-04
383,Headphones,Audio,South,1669.32,2023-03-29
384,Mouse,Accessories,North,2384.67,2024-07-11
385,Laptop,Computers,West,2186.5,2023-02-14
386,Headphones,Audio,East,652.78,2023-01-17
387,Mouse,Accessories,North,878.39,2024-11-03
388,Phone,Mobile,East,355.19,2023-12-27
389,Mouse,Accessories,South,2080.2,2024-12-02
390,Webcam,Accessories,West,1588.55,2023-05-19
391,Phone,Mobile,West,116.53,2023-07-26
392,Laptop,Computers,South,2217.33,2023-11-20
393,Keyboard,Accessories,West,2473.08,2024-07-10
394,Webcam,Accessories,East,115.64,2024-10-24
395,Monitor,Computers,East,908.51,2023-02-18
396,Mouse,Accessories,East,333.08,2024-01-12
397,Headphones,Audio,West,1864.69,2024-01-31
398,Mouse,Accessories,South,1253.1,2024-05-24
399,Mouse,Accessories,East,2007.84,2024-03-10
400,Phone,Mobile,West,1516.07,2023-07-04
401,Keyboard,Accessories,East,278.93,2023-12-02
402,Keyboard,Accessories,East,1128.64,2024-03-12
403,Tablet,Mobile,West,895.08,2023-02-13
404,Mouse,Accessories,West,704.52,2023-02-28
405,Phone,Mobile,West,924.2,2024-11-26
406,Tablet,Mobile,North,378.38,2024-09-14
407,Webcam,Accessories,North,337.42,2023-08-30
408,Mouse,Accessories,East,972.56,2024-08-03
409,Laptop,Computers,South,1705.68,2024-01-15
410,Mouse,Accessories,West,1913.63,2024-08-10
411,Tablet,Mobile,East,1010.13,2024-10-27
412,Keyboard,Accessories,South,2402.29,2023-01-27
413,Tablet,Mobile,West,1306.42,2024-07-29
414,Phone,Mobile,East,1943.04,2024-12-21
415,Webcam,Accessories,South,2491.0,2023-10-20
416,Webcam,Accessories,South,328.53,2023-03-17
417,Webcam,Accessories,South,2249.23,2024-03-31
418,Phone,Mobile,East,1677.9,2024-12-27
419,Phone,Mobile,East,2231.05,2023-06-11
420,Tablet,Mobile,East,1284.17,2023-05-05
421,Monitor,Computers,South,610.92,2024-05-20
422,Laptop,Computers,East,1396.2,2024-01-13
423,Webcam,Accessories,South,1539.57,2023-03-30
424,Phone,Mobile,East,1010.45,2024-05-05
425,Headphones,Audio,West,2062.77,2023-03-17
426,Tablet,Mobile,East,1614.79,2024-04-05
427,Webcam,Accessories,East,342.63,2024-07-18
428,Tablet,Mobile,South,1095.73,2023-02-26
429,Phone,Mobile,South,777.71,2023-06-15
430,Mouse,Accessories,South,881.41,2024-06-15
431,Keyboard,Accessories,North,645.25,2024-10-12
432,Keyboard,Accessories,South,1571.93,2024-09-21
433,Phone,Mobile,South,1489.73,2024-08-17
434,Tablet,Mobile,South,1655.36,2024-09-11
435,Mouse,Accessories,North,2067.46,2023-01-30
436,Phone,Mobile,North,2372.65,2024-08-13
437,Keyboard,Accessories,South,1923.22,2024-03-02
438,Laptop,Computers,West,2225.27,2024-07-12
439,Keyboard,Accessories,East,1220.29,2024-12-02
440,Headphones,Audio,East,1147.52,2024-12-06
441,Laptop,Computers,South,1113.02,2024-05-10
442,Webcam,Accessories,South,866.98,2023-05-28
443,Mouse,Accessories,East,1842.14,2023-12-20
444,Headphones,Audio,South,1907.65,2024-06-11
445,Phone,Mobile,East,623.3,2023-05-06
446,Keyboard,Accessories,West,638.6,2023-04-10
447,Laptop,Computers,East,2364.83,2024-09-22
448,Headphones,Audio,South,2407.65,2023-06-13
449,Mouse,Accessories,East,494.84,2023-06-13
450,Webcam,Accessories,West,1259.43,2023-11-12
451,Webcam,Accessories,North,247.87,2024-02-07
452,Webcam,Accessories,South,557.48,2023-12-28
453,Laptop,Computers,North,721.36,2024-09-03
454,Webcam,Accessories,East,1353.31,2023-04-21
455,Headphones,Audio,South,2209.08,2024-01-10
456,Headphones,Audio,East,136.97,2023-02-22
457,Monitor,Computers,East,1394.23,2023-03-17
458,Headphones,Audio,West,1916.9,2023-10-14
459,Phone,Mobile,South,2438.33,2024-02-08
460,Mouse,Accessories,East,1405.63,2024-01-10
461,Tablet,Mobile,South,1516.1,2024-02-16
462,Laptop,Computers,North,121.31,2024-12-31
463,Mouse,Accessories,West,1310.35,2023-06-02
464,Tablet,Mobile,East,2330.14,2023-11-23
465,Tablet,Mobile,West,2476.77,2023-11-03
466,Mouse,Accessories,West,1779.13,2023-11-03
467,Webcam,Accessories,North,936.69,2024-11-20
468,Phone,Mobile,West,1469.66,2024-12-05
469,Laptop,Computers,West,682.19,2024-11-02
470,Monitor,Computers,North,1469.22,2023-06-24
471,Headphones,Audio,South,2058.61,2023-09-06
472,Laptop,Computers,North,497.19,2024-03-27
473,Mouse,Accessories,West,399.79,2024-12-08
474,Monitor,Computers,West,1267.0,2024-09-18
475,Webcam,Accessories,North,1771.79,2024-06-15
476,Monitor,Computers,East,2495.35,2024-05-04
477,Headphones,Audio,East,2392.8,2024-04-15
478,Mouse,Accessories,East,1697.77,2024-11-28
479,Keyboard,Accessories,West,500.85,2023-09-10
480,Keyboard,Accessories,East,581.55,2023-11-01
481,Keyboard,Accessories,South,1733.34,2024-05-15
482,Mouse,Accessories,West,888.29,2023-10-08
483,Keyboard,Accessories,North,1444.36,2024-07-10
484,Headphones,Audio,West,2050.48,2023-05-30
485,Keyboard,Accessories,North,736.89,2023-03-22
486,Mouse,Accessories,West,1648.53,2024-05-05
487,Monitor,Computers,South,2074.18,2023-10-05
488,Keyboard,Accessories,South,295.34,2024-08-23
489,Monitor,Computers,South,150.64,2024-06-27
490,Monitor,Computers,South,154.92,2024-02-28
491,Mouse,Accessories,West,273.85,2023-05-21
492,Laptop,Computers,South,1032.1,2024-05-02
493,Webcam,Accessories,South,1895.88,2023-10-22
494,Mouse,Accessories,East,1623.6,2023-04-02
495,Monitor,Computers,North,2285.24,2023-06-29
496,Headphones,Audio,South,2336.46,2023-02-07
497,Headphones,Audio,West,486.12,2023-10-24
498,Laptop,Computers,North,763.52,2024-09-09
499,Phone,Mobile,East,729.29,2024-10-18
500,Webcam,Accessories,South,2131.37,2024-04-24
501,Keyboard,Accessories,South,2026.81,2023-12-05
502,Tablet,Mobile,West,1629.51,2023-07-10
503,Laptop,Computers,East,1982.15,2024-08-04
504,Monitor,Computers,South,1537.11,2024-10-16
505,Headphones,Audio,West,1300.32,2023-03-30
506,Headphones,Audio,North,482.33,2023-05-24
507,Webcam,Accessories,East,2341.17,2023-01-07
508,Keyboard,Accessories,West,607.92,2023-10-01
509,Mouse,Accessories,East,1466.59,2024-08-09
510,Laptop,Computers,East,1642.87,2024-12-10
511,Monitor,Computers,North,1677.77,2024-04-21
512,Keyboard,Accessories,South,1028.41,2024-05-29
513,Keyboard,Accessories,North,1605.81,2023-10-30
514,Mouse,Accessories,South,567.34,2023-05-17
515,Webcam,Accessories,South,1151.07,2024-09-12
516,Mouse,Accessories,West,1762.3,2024-04-27
517,Monitor,Computers,South,1708.85,2024-09-02
518,Phone,Mobile,West,1332.23,2024-01-06
519,Phone,Mobile,North,177.85,2024-07-14
520,Monitor,Computers,South,432.23,2024-06-16
521,Webcam,Accessories,North,1708.73,2024-08-20
522,Webcam,Accessories,North,2249.75,2024-04-01
523,Laptop,Computers,West,351.56,2024-03-01
524,Webcam,Accessories,North,1408.02,2024-11-19
525,Keyboard,Accessories,North,1004.97,2023-01-04
526,Monitor,Computers,North,137.09,2023-12-19
527,Phone,Mobile,North,2338.09,2023-03-12
528,Webcam,Accessories,North,735.55,2023-07-04
529,Tablet,Mobile,West,951.79,2024-01-27
530,Webcam,Accessories,West,954.72,2024-11-30
531,Tablet,Mobile,East,318.62,2024-07-04
532,Headphones,Audio,South,1826.45,2023-08-17
533,Laptop,Computers,North,2446.76,2024-04-19
534,Headphones,Audio,West,2062.82,2023-09-11
535,Webcam,Accessories,East,408.93,2023-07-13
536,Phone,Mobile,North,2028.46,2024-03-05
537,Laptop,Computers,South,535.05,2023-04-14
538,Laptop,Computers,West,1504.52,2024-12-21
539,Laptop,Computers,South,1857.84,2024-02-16
540,Webcam,Accessories,South,1360.91,2023-02-27
541,Tablet,Mobile,East,604.55,2024-08-12
542,Mouse,Accessories,East,611.34,2023-05-27
543,Monitor,Computers,West,768.74,2023-03-04
544,Tablet,Mobile,West,1400.73,2023-02-18
545,Mouse,Accessories,West,1969.87,2023-11-23
546,Headphones,Audio,West,394.31,2024-01-21
547,Tablet,Mobile,West,621.4,2023-08-19
548,Keyboard,Accessories,South,2019.3,2023-03-01
549,Headphones,Audio,West,1404.28,2023-05-18
550,Headphones,Audio,South,656.11,2023-12-05
551,Phone,Mobile,West,2121.66,2023-04-05
552,Monitor,Computers,North,689.44,2024-11-20
553,Laptop,Computers,North,490.7,2024-08-24
554,Monitor,Computers,West,542.0,2023-12-07
555,Keyboard,Accessories,North,549.22,2023-07-14
556,Phone,Mobile,West,2288.24,2024-12-13
557,Monitor,Computers,West,2289.94,2024-07-19
558,Mouse,Accessories,East,967.14,2024-06-30
559,Mouse,Accessories,East,672.37,2024-06-09
560,Webcam,Accessories,West,269.06,2024-04-25
561,Mouse,Accessories,South,942.49,2024-02-28
562,Laptop,Computers,South,1859.6,2023-01-17
563,Keyboard,Accessories,West,755.6,2023-07-20
564,Mouse,Accessories,South,965.1,2023-09-09
565,Webcam,Accessories,East,661.88,2024-05-15
566,Webcam,Accessories,West,441.38,2023-12-27
567,Tablet,Mobile,South,1807.78,2024-05-15
568,Tablet,Mobile,North,1321.76,2023-03-18
569,Laptop,Computers,North,1045.67,2024-10-07
570,Monitor,Computers,North,1775.24,2023-01-10
571,Monitor,Computers,West,948.67,2024-09-24
572,Webcam,Accessories,West,63.94,2024-06-28
573,Headphones,Audio,North,66.4,2023-10-09
574,Keyboard,Accessories,North,1267.98,2024-12-15
575,Headphones,Audio,South,289.87,2023-04-09
576,Tablet,Mobile,South,500.03,2024-06-23
577,Keyboard,Accessories,East,686.63,2024-02-11
578,Phone,Mobile,East,2399.26,2024-04-15
579,Monitor,Computers,South,767.44,2023-03-24
580,Laptop,Computers,North,1028.06,2024-01-22
581,Webcam,Accessories,North,1600.95,2024-12-20
582,Tablet,Mobile,North,1262.15,2024-03-20
583,Mouse,Accessories,North,2239.61,2023-02-13
584,Monitor,Computers,South,2255.65,2024-12-09
585,Webcam,Accessories,East,140.24,2023-03-18
586,Keyboard,Accessories,North,468.9,2023-11-19
587,Laptop,Computers,South,1477.91,2024-12-30
588,Headphones,Audio,North,765.71,2024-07-31
589,Monitor,Computers,West,1700.66,2024-07-07
590,Mouse,Accessories,West,1895.13,2023-05-24
591,Phone,Mobile,East,157.9,2024-03-23
592,Monitor,Computers,North,867.97,2024-09-20
593,Headphones,Audio,East,98.32,2023-10-07
594,Webcam,Accessories,West,589.64,2024-07-20
595,Headphones,Audio,West,484.7,2024-08-22
596,Headphones,Audio,North,1936.11,2023-10-30
597,Monitor,Computers,North,228.04,2023-06-07
598,Headphones,Audio,South,1855.65,2023-11-21
599,Mouse,Accessories,North,251.51,2023-11-12
600,Webcam,Accessories,East,1909.33,2023-04-15
601,Tablet,Mobile,North,488.79,2024-04-04
602,Headphones,Audio,North,90.0,2023-12-29
603,Phone,Mobile,East,2162.7,2023-01-13
604,Keyboard,Accessories,West,984.8,2023-03-28
605,Monitor,Computers,South,1721.16,2023-06-23
606,Tablet,Mobile,East,770.3,2024-05-19
607,Tablet,Mobile,North,438.84,2023-10-10
608,Headphones,Audio,East,1223.47,2023-03-20
609,Mouse,Accessories,East,2361.95,2024-10-02
610,Webcam,Accessories,South,1158.21,2023-05-19
611,Keyboard,Accessories,North,2373.34,2023-12-07
612,Headphones,Audio,East,1114.55,2024-03-16
613,Tablet,Mobile,East,818.65,2024-12-12
614,Monitor,Computers,West,802.6,2024-02-12
615,Mouse,Accessories,East,1843.81,2024-10-10
616,Webcam,Accessories,South,831.57,2023-10-15
617,Headphones,Audio,East,306.87,2024-07-31
618,Monitor,Computers,South,1712.24,2024-07-17
619,Laptop,Computers,West,2358.86,2023-08-03
620,Webcam,Accessories,East,2082.42,2023-03-12
621,Headphones,Audio,West,369.47,2023-11-07
622,Monitor,Computers,East,1655.19,2024-03-09
623,Headphones,Audio,North,1136.44,2024-09-04
624,Webcam,Accessories,West,1347.56,2024-12-09
625,Headphones,Audio,North,1982.03,2024-01-04
626,Phone,Mobile,North,1928.16,2024-11-04
627,Mouse,Accessories,South,1626.32,2023-02-15
628,Headphones,Audio,East,2415.15,2024-03-16
629,Phone,Mobile,North,269.05,2023-08-16
630,Monitor,Computers,West,950.95,2024-04-19
631,Tablet,Mobile,East,2494.31,2024-05-09
632,Phone,Mobile,East,1054.54,2023-03-29
633,Phone,Mobile,South,887.11,2023-12-18
634,Webcam,Accessories,South,1314.76,2023-12-23
635,Webcam,Accessories,North,1109.46,2024-12-14
636,Webcam,Accessories,East,191.26,2023-02-15
637,Phone,Mobile,North,2126.72,2024-10-25
638,Phone,Mobile,South,2326.56,2023-09-07
639,Tablet,Mobile,South,844.2,2024-03-12
640,Webcam,Accessories,South,1999.45,2024-10-06
641,Tablet,Mobile,South,1610.19,2024-03-18
642,Headphones,Audio,North,1850.04,2023-07-22
643,Webcam,Accessories,West,987.37,2024-12-22
644,Monitor,Computers,South,713.9,2024-12-21
645,Phone,Mobile,North,2003.77,2024-07-03
646,Tablet,Mobile,East,831.81,2024-04-13
647,Phone,Mobile,East,1684.99,2024-05-16
648,Mouse,Accessories,West,1537.99,2024-08-24
649,Phone,Mobile,East,896.16,2024-04-13
650,Tablet,Mobile,East,2298.74,2024-08-27
651,Phone,Mobile,South,800.13,2023-09-02
652,Keyboard,Accessories,North,478.04,2024-12-11
653,Tablet,Mobile,West,1060.14,2023-05-22
654,Headphones,Audio,West,484.74,2024-10-12
655,Tablet,Mobile,South,1236.86,2023-05-24
656,Tablet,Mobile,East,2108.91,2024-09-26
657,Laptop,Computers,East,2380.81,2024-05-11
658,Tablet,Mobile,South,2042.66,2024-07-29
659,Webcam,Accessories,West,1719.62,2024-03-01
660,Webcam,Accessories,West,438.95,2024-08-01
661,Laptop,Computers,South,747.92,2023-10-09
662,Monitor,Computers,East,441.32,2024-04-13
663,Webcam,Accessories,North,1442.47,2023-10-02
664,Mouse,Accessories,North,1906.01,2024-03-27
665,Monitor,Computers,West,278.48,2024-10-31
666,Monitor,Computers,East,2190.15,2023-02-03
667,Webcam,Accessories,East,887.73,2023-03-31
668,Webcam,Accessories,North,1944.69,2023-08-31
669,Monitor,Computers,East,2156.1,2024-09-16
670,Headphones,Audio,South,1549.97,2023-07-31
671,Monitor,Computers,North,1435.93,2024-06-29
672,Keyboard,Accessories,South,826.04,2024-12-21
673,Keyboard,Accessories,East,1442.52,2024-06-10
674,Phone,Mobile,South,2407.86,2024-02-26
675,Laptop,Computers,East,2170.94,2023-05-10
676,Tablet,Mobile,South,386.95,2023-11-26
677,Monitor,Computers,West,1236.41,2024-08-14
678,Keyboard,Accessories,West,953.55,2023-03-19
679,Phone,Mobile,West,1301.14,2023-10-12
680,Mouse,Accessories,West,2376.88,2023-12-02
681,Laptop,Computers,North,1834.06,2024-04-14
682,Mouse,Accessories,North,1994.3,2024-02-12
683,Monitor,Computers,West,2066.5,2024-05-21
684,Keyboard,Accessories,East,2075.15,2023-12-12
685,Tablet,Mobile,West,1976.05,2024-11-29
686,Laptop,Computers,North,271.45,2024-04-15
687,Laptop,Computers,North,2325.35,2023-06-11
688,Webcam,Accessories,West,26.67,2024-03-14
689,Monitor,Computers,South,2208.32,2023-11-06
690,Tablet,Mobile,East,256.02,2024-01-05
691,Keyboard,Accessories,North,945.31,2024-10-26
692,Tablet,Mobile,North,1005.95,2023-11-09
693,Monitor,Computers,West,1647.33,2024-12-21
694,Phone,Mobile,North,553.22,2023-03-21
695,Tablet,Mobile,South,1310.62,2024-03-31
696,Laptop,Computers,North,1746.6,2023-05-04
697,Headphones,Audio,South,1207.31,2023-08-23
698,Headphones,Audio,North,1833.64,2023-04-15
699,Phone,Mobile,East,934.72,2023-11-03
700,Tablet,Mobile,West,1939.31,2023-05-17
701,Tablet,Mobile,North,1338.01,2023-01-09
702,Tablet,Mobile,West,894.19,2023-08-07
703,Tablet,Mobile,West,1549.79,2024-03-29
704,Monitor,Computers,North,2244.07,2023-05-24
705,Phone,Mobile,West,895.05,2024-03-15
706,Mouse,Accessories,South,638.27,2024-10-22
707,Phone,Mobile,South,1394.66,2024-09-06
708,Keyboard,Accessories,North,2123.53,2024-11-05
709,Keyboard,Accessories,South,1306.43,2024-06-05
710,Monitor,Computers,West,756.47,2023-02-25
711,Monitor,Computers,West,980.07,2023-09-04
712,Webcam,Accessories,North,1332.51,2023-01-13
713,Mouse,Accessories,East,351.66,2024-08-05
714,Headphones,Audio,East,1377.23,2023-06-26
715,Webcam,Accessories,North,66.31,2023-03-11
716,Laptop,Computers,East,558.96,2023-03-03
717,Headphones,Audio,East,1580.71,2024-05-28
718,Headphones,Audio,West,1761.98,2023-03-26
719,Tablet,Mobile,East,231.9,2023-03-22
720,Monitor,Computers,South,1352.57,2024-02-05
721,Phone,Mobile,East,1754.22,2023-09-02
722,Laptop,Computers,South,238.38,2024-03-20
723,Phone,Mobile,West,1540.43,2023-02-26
724,Keyboard,Accessories,South,320.62,2024-12-25
725,Tablet,Mobile,North,430.49,2023-12-22
726,Keyboard,Accessories,South,945.38,2023-10-03
727,Phone,Mobile,North,854.15,2024-03-15
728,Keyboard,Accessories,North,675.8,2024-08-13
729,Phone,Mobile,West,1151.61,2024-01-04
730,Laptop,Computers,West,2151.92,2023-06-20
731,Mouse,Accessories,South,656.41,2023-04-16
732,Phone,Mobile,South,1858.43,2023-01-03
733,Laptop,Computers,North,630.26,2024-04-28
734,Mouse,Accessories,West,2302.56,2023-07-03
735,Laptop,Computers,West,580.68,2023-09-12
736,Headphones,Audio,East,696.36,2023-03-21
737,Mouse,Accessories,North,1267.55,2023-02-23
738,Tablet,Mobile,South,2015.74,2023-02-17
739,Headphones,Audio,North,2195.55,2023-10-17
740,Keyboard,Accessories,East,238.8,2024-04-12
741,Laptop,Computers,East,521.66,2024-07-31
742,Keyboard,Accessories,South,1173.22,2024-08-28
743,Webcam,Accessories,South,1837.85,2024-07-13
744,Monitor,Computers,South,40.79,2024-02-24
745,Laptop,Computers,South,1365.32,2024-10-13
746,Laptop,Computers,East,28.62,2024-11-04
747,Headphones,Audio,East,282.27,2024-06-26
748,Monitor,Computers,West,1242.77,2023-03-03
749,Tablet,Mobile,East,255.24,2023-08-26
750,Headphones,Audio,East,1159.68,2023-03-28
751,Phone,Mobile,South,1602.11,2024-02-08
752,Phone,Mobile,North,1101.58,2023-05-14
753,Monitor,Computers,East,670.95,2023-11-19
754,Headphones,Audio,East,812.19,2023-10-06
755,Monitor,Computers,North,2360.3,2023-05-20
756,Phone,Mobile,South,286.5,2024-04-05
757,Webcam,Accessories,East,1031.12,2024-07-02
758,Mouse,Accessories,South,1143.49,2024-04-19
759,Keyboard,Accessories,North,248.79,2024-12-03
760,Keyboard,Accessories,North,557.18,2023-12-02
761,Tablet,Mobile,North,1785.11,2023-12-31
762,Headphones,Audio,North,1701.03,2023-09-24
763,Tablet,Mobile,North,2381.44,2024-04-08
764,Monitor,Computers,North,1168.56,2023-05-24
765,Phone,Mobile,North,177.63,2023-08-16
766,Tablet,Mobile,South,2063.59,2024-01-17
767,Phone,Mobile,East,2295.64,2023-03-18
768,Laptop,Computers,North,514.43,2024-10-23
769,Webcam,Accessories,South,252.65,2023-12-06
770,Phone,Mobile,North,2357.14,2023-02-21
771,Tablet,Mobile,West,2058.67,2024-02-09
772,Webcam,Accessories,North,972.26,2024-03-12
773,Tablet,Mobile,East,556.42,2023-07-11
774,Keyboard,Accessories,East,1128.88,2023-06-02
775,Laptop,Computers,South,1627.01,2024-05-25
776,Headphones,Audio,West,175.92,2023-10-14
777,Headphones,Audio,South,1062.61,2024-10-20
778,Monitor,Computers,North,2473.77,2024-12-31
779,Mouse,Accessories,West,1372.68,2024-05-11
780,Mouse,Accessories,East,986.24,2023-07-04
781,Laptop,Computers,East,1502.86,2023-01-31
782,Keyboard,Accessories,North,2026.42,2024-04-28
783,Mouse,Accessories,South,2435.6,2023-04-13
784,Monitor,Computers,South,684.65,2023-02-27
785,Monitor,Computers,West,903.14,2023-06-27
786,Tablet,Mobile,South,1491.49,2024-12-15
787,Mouse,Accessories,North,1766.05,2023-12-27
788,Tablet,Mobile,South,2095.82,2024-05-19
789,Keyboard,Accessories,South,1238.83,2023-04-03
790,Laptop,Computers,South,1514.12,2023-01-21
791,Webcam,Accessories,North,846.04,2024-09-20
792,Monitor,Computers,South,868.38,2023-07-01
793,Mouse,Accessories,North,79.23,2024-08-23
794,Tablet,Mobile,North,2120.04,2024-01-09
795,Phone,Mobile,East,1768.73,2024-11-09
796,Headphones,Audio,North,857.99,2023-11-27
797,Tablet,Mobile,South,1837.57,2024-03-23
798,Webcam,Accessories,East,456.15,2024-07-29
799,Mouse,Accessories,South,1672.19,2023-06-29
800,Headphones,Audio,East,1841.64,2023-10-29
801,Tablet,Mobile,South,1828.86,2024-12-19
802,Headphones,Audio,North,475.65,2023-11-22
803,Monitor,Computers,North,2343.3,2023-05-25
804,Mouse,Accessories,North,614.04,2023-11-24
805,Tablet,Mobile,North,2058.61,2024-11-17
806,Mouse,Accessories,West,53.2,2023-08-03
807,Monitor,Computers,North,892.44,2023-04-21
808,Laptop,Computers,North,980.19,2024-03-05
809,Tablet,Mobile,West,1245.38,2024-01-23
810,Mouse,Accessories,West,276.04,2024-05-05
811,Monitor,Computers,South,1141.94,2023-02-04
812,Keyboard,Accessories,North,813.82,2023-04-18
813,Phone,Mobile,East,446.01,2024-01-20
814,Tablet,Mobile,North,1378.94,2023-04-06
815,Mouse,Accessories,West,1768.65,2024-03-17
816,Tablet,Mobile,West,413.83,2023-04-14
817,Mouse,Accessories,South,2436.64,2024-02-24
818,Keyboard,Accessories,East,761.07,2023-04-09
819,Laptop,Computers,West,1440.13,2024-05-17
820,Tablet,Mobile,North,918.05,2024-03-13
821,Phone,Mobile,East,2064.15,2024-10-02
822,Webcam,Accessories,South,265.04,2023-07-31
823,Tablet,Mobile,East,2443.22,2024-04-29
824,Phone,Mobile,East,1967.57,2024-04-27
825,Webcam,Accessories,East,250.56,2024-07-11
826,Headphones,Audio,South,943.28,2024-01-26
827,Mouse,Accessories,South,1128.29,2023-09-27
828,Webcam,Accessories,West,676.92,2023-10-03
829,Laptop,Computers,South,1886.78,2024-11-14
830,Phone,Mobile,North,1678.65,2024-07-08
831,Headphones,Audio,South,1395.16,2024-02-01
832,Headphones,Audio,West,1442.47,2023-08-30
833,Webcam,Accessories,East,220.41,2023-02-05
834,Tablet,Mobile,North,2374.41,2024-04-04
835,Tablet,Mobile,South,2431.11,2023-07-17
836,Tablet,Mobile,North,1072.85,2024-11-30
837,Headphones,Audio,South,2493.24,2024-10-04
838,Tablet,Mobile,East,816.38,2023-03-10
839,Phone,Mobile,West,1402.0,2024-07-19
840,Mouse,Accessories,East,1311.23,2023-01-13
841,Headphones,Audio,North,1050.74,2023-06-01
842,Phone,Mobile,North,1417.64,2023-04-14
843,Keyboard,Accessories,East,2197.79,2023-09-28
844,Headphones,Audio,West,1440.76,2024-04-29
845,Laptop,Computers,South,706.65,2023-05-28
846,Headphones,Audio,North,1004.59,2023-12-06
847,Monitor,Computers,North,1870.73,2023-10-03
848,Mouse,Accessories,North,861.22,2023-11-07
849,Keyboard,Accessories,East,2111.05,2024-12-13
850,Phone,Mobile,South,357.6,2024-03-29
851,Mouse,Accessories,East,1828.78,2024-09-11
852,Phone,Mobile,South,1118.25,2024-02-21
853,Webcam,Accessories,East,2057.02,2024-06-11
854,Tablet,Mobile,North,795.03,2024-06-02
855,Headphones,Audio,South,1956.78,2024-06-20
856,Laptop,Computers,South,502.09,2023-07-25
857,Laptop,Computers,South,106.85,2023-02-21
858,Mouse,Accessories,South,703.09,2024-04-20
859,Headphones,Audio,North,1710.91,2023-09-05
860,Mouse,Accessories,West,1495.26,2023-07-01
861,Webcam,Accessories,East,877.02,2023-09-22
862,Phone,Mobile,East,92.94,2023-02-20
863,Tablet,Mobile,South,2146.35,2024-10-24
864,Monitor,Computers,South,690.98,2024-02-24
865,Laptop,Computers,North,1198.39,2023-05-16
866,Tablet,Mobile,North,578.83,2024-09-14
867,Keyboard,Accessories,East,1073.92,2024-01-21
868,Mouse,Accessories,West,648.7,2024-04-22
869,Keyboard,Accessories,West,1471.61,2023-01-08
870,Mouse,Accessories,East,763.73,2023-04-21
871,Webcam,Accessories,North,857.3,2023-10-11
872,Mouse,Accessories,East,671.34,2024-12-29
873,Keyboard,Accessories,South,396.08,2023-09-04
874,Laptop,Computers,West,1659.81,2024-11-28
875,Tablet,Mobile,North,1647.12,2023-10-30
876,Keyboard,Accessories,West,1026.38,2023-02-06
877,Monitor,Computers,East,1823.21,2023-08-16
878,Webcam,Accessories,East,1280.6,2023-06-24
879,Tablet,Mobile,East,266.57,2023-05-12
880,Keyboard,Accessories,South,2368.64,2023-12-10
881,Phone,Mobile,South,904.33,2023-11-11
882,Headphones,Audio,East,944.91,2024-08-22
883,Keyboard,Accessories,West,2131.75,2024-04-26
884,Laptop,Computers,North,1193.74,2023-07-19
885,Phone,Mobile,West,1336.35,2024-02-28
886,Laptop,Computers,South,364.98,2023-07-25
887,Mouse,Accessories,West,2468.3,2024-04-13
888,Tablet,Mobile,East,2159.43,2023-07-04
889,Phone,Mobile,West,848.26,2023-07-01
890,Mouse,Accessories,North,36.67,2023-10-08
891,Monitor,Computers,South,1451.29,2023-06-12
892,Webcam,Accessories,North,345.28,2024-03-20
893,Headphones,Audio,West,1086.84,2024-05-03
894,Headphones,Audio,North,118.37,2023-07-24
895,Mouse,Accessories,North,2232.72,2024-06-27
896,Monitor,Computers,North,1699.95,2024-10-03
897,Monitor,Computers,South,1741.47,2023-12-19
898,Keyboard,Accessories,South,279.2,2024-05-30
899,Keyboard,Accessories,South,186.59,2023-02-16
900,Keyboard,Accessories,East,1153.42,2024-06-16
901,Mouse,Accessories,West,2222.74,2023-05-18
902,Mouse,Accessories,West,914.15,2023-07-12
903,Tablet,Mobile,West,72.33,2023-08-18
904,Tablet,Mobile,South,1841.84,2024-08-26
905,Tablet,Mobile,North,932.31,2024-10-28
906,Laptop,Computers,West,2194.45,2023-09-19
907,Laptop,Computers,North,1663.38,2024-10-31
908,Laptop,Computers,North,1732.13,2024-03-02
909,Webcam,Accessories,West,330.9,2023-09-16
910,Webcam,Accessories,South,533.6,2024-12-03
911,Laptop,Computers,East,1066.66,2023-04-14
912,Keyboard,Accessories,South,1061.59,2023-04-18
913,Phone,Mobile,East,307.18,2023-04-19
914,Webcam,Accessories,South,1532.28,2023-09-27
915,Monitor,Computers,East,1766.01,2023-10-30
916,Tablet,Mobile,North,1381.64,2023-08-01
917,Webcam,Accessories,East,605.4,2023-01-14
918,Phone,Mobile,North,2092.2,2024-11-16
919,Webcam,Accessories,South,2374.88,2024-06-07
920,Phone,Mobile,North,2264.33,2024-10-21
921,Monitor,Computers,West,2471.95,2023-10-31
922,Keyboard,Accessories,West,148.95,2023-06-28
923,Laptop,Computers,East,916.53,2024-11-24
924,Mouse,Accessories,West,1852.89,2023-04-08
925,Laptop,Computers,North,2133.7,2024-11-10
926,Tablet,Mobile,East,909.88,2024-03-24
927,Keyboard,Accessories,North,947.24,2023-12-17
928,Tablet,Mobile,North,1016.92,2024-04-12
929,Keyboard,Accessories,West,1732.51,2024-05-04
930,Headphones,Audio,South,304.81,2024-12-13
931,Laptop,Computers,South,281.69,2024-08-27
932,Webcam,Accessories,West,473.62,2024-01-24
933,Mouse,Accessories,North,2159.88,2023-05-14
934,Webcam,Accessories,West,304.52,2024-02-26
935,Webcam,Accessories,North,181.76,2024-11-01
936,Mouse,Accessories,North,1768.81,2024-11-25
937,Monitor,Computers,East,1309.77,2024-12-05
938,Phone,Mobile,West,1662.74,2023-09-12
939,Webcam,Accessories,East,1667.68,2024-10-18
940,Headphones,Audio,South,2101.61,2024-07-25
941,Laptop,Computers,North,1617.41,2023-06-10
942,Webcam,Accessories,West,2176.8,2023-03-18
943,Webcam,Accessories,East,621.21,2023-10-12
944,Laptop,Computers,South,1387.48,2024-01-23
945,Headphones,Audio,South,220.11,2024-03-30
946,Webcam,Accessories,North,2145.06,2024-04-02
947,Mouse,Accessories,North,2452.16,2024-10-31
948,Laptop,Computers,North,1023.51,2023-02-06
949,Laptop,Computers,North,1984.66,2024-09-25
950,Keyboard,Accessories,South,1645.13,2024-04-12
951,Mouse,Accessories,East,2067.64,2023-08-17
952,Webcam,Accessories,East,1411.37,2024-09-26
953,Webcam,Accessories,East,1796.89,2023-04-27
954,Phone,Mobile,South,30.44,2023-12-30
955,Keyboard,Accessories,East,1762.69,2023-02-16
956,Tablet,Mobile,West,372.61,2024-02-24
957,Phone,Mobile,East,1536.86,2023-07-12
958,Phone,Mobile,West,558.58,2023-07-15
959,Mouse,Accessories,North,1898.94,2023-02-17
960,Phone,Mobile,West,1157.03,2024-08-26
961,Tablet,Mobile,West,35.74,2023-02-19
962,Headphones,Audio,West,2312.82,2023-07-01
963,Tablet,Mobile,South,281.3,2024-11-04
964,Mouse,Accessories,West,1061.2,2024-09-15
965,Monitor,Computers,East,1009.73,2023-12-18
966,Keyboard,Accessories,West,2016.87,2023-05-22
967,Headphones,Audio,East,2111.61,2024-07-14
968,Mouse,Accessories,South,522.2,2024-10-01
969,Keyboard,Accessories,East,2304.95,2023-05-16
970,Tablet,Mobile,East,1783.12,2023-12-27
971,Webcam,Accessories,West,1693.75,2024-06-30
972,Keyboard,Accessories,West,2025.55,2024-06-19
973,Phone,Mobile,North,967.65,2023-02-24
974,Laptop,Computers,South,685.77,2023-06-14
975,Keyboard,Accessories,East,387.41,2023-03-05
976,Keyboard,Accessories,South,1890.15,2023-02-03
977,Mouse,Accessories,West,278.64,2024-11-22
978,Monitor,Computers,West,613.05,2024-12-13
979,Keyboard,Accessories,North,2318.05,2024-02-01
980,Headphones,Audio,East,2415.44,2023-02-25
981,Laptop,Computers,East,527.64,2024-03-29
982,Monitor,Computers,East,1893.89,2024-07-13
983,Monitor,Computers,South,753.09,2023-07-01
984,Phone,Mobile,South,2407.13,2024-06-10
985,Phone,Mobile,West,125.57,2023-10-13
986,Keyboard,Accessories,South,423.3,2023-09-19
987,Laptop,Computers,East,1179.17,2023-06-08
988,Laptop,Computers,South,2323.35,2024-09-03
989,Laptop,Computers,East,1239.11,2024-08-09
990,Mouse,Accessories,North,1965.48,2023-11-22
991,Monitor,Computers,South,1313.5,2024-06-01
992,Tablet,Mobile,West,1369.12,2024-02-18
993,Phone,Mobile,East,572.47,2023-08-07
994,Mouse,Accessories,East,917.97,2023-08-12
995,Webcam,Accessories,North,308.94,2023-12-21
996,Webcam,Accessories,South,2263.63,2024-09-20
997,Monitor,Computers,North,1714.31,2023-11-25
998,Headphones,Audio,North,980.04,2024-07-07
999,Keyboard,Accessories,North,2280.56,2024-01-19
1000,Webcam,Accessories,West,133.53,2024-10-29
